ticker,return_60d,current_price
MRNA,157.3145327613546,197.0
P,85.9807423751523,150.57000732421875
MPC,63.99883341929665,463.3399963378906
VLO,58.405367189944876,443.79998779296875
PTC,56.49890483459794,193.72999572753906
PLTR,54.045264353449575,198.77999877929688
SMCI,51.4518442082487,42.77000045776367
VEEV,50.15287344237884,284.8399963378906
ACN,49.8346068376406,208.36000061035156
PSX,49.13845283063391,281.6000061035156
IT,47.268068480441286,195.41000366210938
HPE,44.93907679311278,71.0
CRM,40.43124488930708,227.8000030517578
ZBRA,40.15771986172229,382.1400146484375
CTSH,39.08264445200659,60.0099983215332
APA,37.54890210716125,45.470001220703125
ILMN,36.54521822092878,264.57000732421875
MSFT,36.22484625977335,522.6099853515625
WDAY,35.75972425203364,187.80999755859375
HPQ,35.744953811092664,32.439998626708984
NTAP,34.951238002006704,231.0500030517578
RVTY,34.798960535045445,152.16000366210938
SWKS,34.69557793553677,80.75
LITE,33.448712666777276,1048.5999755859375
CRWD,32.56553319394306,263.010009765625
NOW,28.399489803500327,139.75
DELL,27.82626248169277,574.5499877929688
CRL,27.568489817567333,298.0
A,26.07285057826535,168.1699981689453
COP,25.055579303140625,134.19000244140625
TMO,24.350529349210998,651.97998046875
IQV,23.883812686298956,258.8800048828125
XOM,23.37484478732316,168.5
CVX,22.60628563065232,211.5500030517578
ULTA,22.59039499921226,564.2100219726562
NEM,22.12903978599999,115.55000305175781
BDX,21.861262351896038,182.75
PYPL,21.703219972772132,55.02000045776367
HAS,20.42133801398395,92.5
T,19.786145825716,24.8700008392334
FDS,18.891989503876907,286.5199890136719
FOXA,18.814389604533922,63.56999969482422
MTD,18.745045709314162,1529.4599609375
FOX,18.190054473486278,56.970001220703125
TGT,17.901150827459116,154.75999450683594
FCX,17.813760885292936,71.13999938964844
PANW,17.79137562465372,398.5
MCK,17.460515145032122,930.25
GDDY,17.434846040698613,103.19000244140625
DVN,17.174740346898552,48.91999816894531
PFE,16.72857616060194,27.81999969482422
KEYS,16.29574380353565,374.6700134277344
CME,15.864044747862224,276.44000244140625
EMR,15.819605885912285,159.05999755859375
OXY,15.787007839600303,60.279998779296875
DXCM,15.598476503250433,84.41000366210938
FTNT,15.495029034383206,189.10000610351562
EL,15.429179606418659,94.31999969482422
ICE,15.362727944664966,155.35000610351562
MRK,14.512224290908412,142.3800048828125
CPAY,14.50050756895199,402.0799865722656
NDSN,14.485336440182028,326.8699951171875
META,14.248904213567624,720.8900146484375
ANET,14.229248162815052,210.97000122070312
CEG,13.866245308864514,285.07000732421875
WAT,13.788348666703998,429.1300048828125
NVDA,13.787306765373947,230.47999572753906
SOLV,13.757246845165977,86.41000366210938
TRMB,13.54581581040426,59.849998474121094
EXPD,13.533004488026561,193.7100067138672
AMD,13.52795323674345,620.6799926757812
CTAS,13.479903434547976,201.1199951171875
LH,13.414850565388514,314.20001220703125
UHS,13.354753562371375,175.72000122070312
MRVL,12.931210098292798,274.6600036621094
ADP,12.92383922272774,270.7300109863281
BR,12.83435160596528,165.2100067138672
AMGN,12.705877625555976,407.44000244140625
SNPS,12.265152238919388,497.75
LDOS,12.180823978652167,119.22000122070312
EOG,12.03547055698582,148.50999450683594
ADSK,11.995399392472248,233.60000610351562
TSCO,11.923287633499474,33.47999954223633
BBY,11.673430465904602,88.4000015258789
PM,11.618570045410351,200.5
VZ,11.600685749031102,46.349998474121094
GPN,11.594982724054967,82.7699966430664
ALLE,11.440560223848287,149.99000549316406
DGX,11.352048262288053,230.80999755859375
DIS,11.282103234587266,107.0199966430664
DHR,11.156948150163357,217.4600067138672
INTU,11.15663159530419,303.8800048828125
ABNB,11.123967871050402,163.22999572753906
NUE,10.99732949099314,246.13999938964844
REGN,10.85164856527748,739.5700073242188
VRSN,10.62455595069433,297.7900085449219
J,10.400564289587864,138.58999633789062
DE,10.328420880142906,652.5800170898438
GRMN,10.212057777044109,268.44000244140625
CBOE,10.097782429096743,294.0799865722656
